Name,Season,Gender,Age,Height,Ethnicity,Hair Color,Eye Color,Hometown,Region,Day Entered,Day Dumped,Length Of Stay,Original Cast,Casa Amor Addition,Status,Unique Partners,Finalist
Malia Arkian,2,Female,26,66,MENAT,Brown,Brown,Wilmslow,England,7,7,0,No,Null,Removed,0,No
Ben Porter,1,Male,24,71,White,Brown,Blue,Wakefield,England,32,33,1,No,Null,Dumped,0,No
Poppy Farnan,1,Female,22,66,White,Blonde,Blue,Cheshire,England,32,33,1,No,Null,Dumped,0,No
Oliver Maxwell Fernandez,2,Male,25,74,White,Brown,Brown,Hertfordshire,England,30,31,1,No,Null,Dumped,0,No
Shannon Singh,7,Female,22,68,Asian,Brown,Brown,Fife,Scotland,1,2,1,Yes,No,Dumped,1,No
James Khan,2,Male,20,75,White,Brown,Blue,Teddington,England,18,20,2,No,Null,Dumped,0,No
Amelia Peters,3,Female,18,68,White,Blonde,Green,London,England,26,28,2,No,Yes,Dumped,0,No
Ellisha-Jade White,3,Female,22,66,Black,Black,Brown,Southampton,England,26,28,2,No,Yes,Dumped,0,No
Marino Katsouris,3,Male,22,71,White,Brown,Brown,Brighton,England,26,28,2,No,Yes,Dumped,0,No
Rob Lipsett,3,Male,25,69,White,Brown,Blue,Dublin,Ireland,26,28,2,No,Yes,Dumped,0,No
Shannen McGrath,3,Female,23,65,White,Blonde,Brown,Dublin,Ireland,26,28,2,No,Yes,Dumped,0,No
Steve Ball,3,Male,25,71,White,Blonde,Blue,Wiltshire,England,26,28,2,No,Yes,Dumped,0,No
Georgia Townend,7,Female,28,67,White,Blonde,Blue,Essex,England,23,25,2,No,No,Dumped,0,No
Oliver Wallis,7,Male,23,69,White,Blonde,Green,Surrey,England,4,6,2,No,No,Dumped,0,No
David Salako,9,Male,24,71,Black,Black,Brown,Essex,England,3,5,2,No,No,Dumped,0,No
Chris Baxter,1,Male,20,71,White,Brown,Blue,London,England,11,14,3,No,Null,Dumped,1,No
John Alberti,1,Male,29,73,White,Brown,Brown,Manchester,England,3,6,3,No,Null,Dumped,0,No
Tony Alberti,1,Male,29,73,White,Brown,Brown,Manchester,England,3,6,3,No,Null,Dumped,0,No
Alexi Eraclides,6,Male,23,70,White,Brown,Brown,Essex,England,23,26,3,No,Yes,Dumped,0,No
Biggs Chris,6,Male,27,68,Black,Black,Brown,Glasgow,Scotland,23,26,3,No,Yes,Dumped,0,No
George Day,6,Male,27,67,White,Brown,Brown,Southampton,England,23,26,3,No,Yes,Dumped,0,No
Jade Affleck,6,Female,25,69,White,Blonde,Blue,Yarm,England,23,26,3,No,Yes,Dumped,0,No
Jamie McCann,6,Female,25,63,White,Brown,Blue,North Ayrshire,Scotland,23,26,3,No,Yes,Dumped,0,No
Josh Kempton,6,Male,21,73,White,Blonde,Blue,Surrey,England,23,26,3,No,Yes,Dumped,0,No
Ollie Williams,6,Male,23,70,White,Blonde,Blue,Cornwall,England,1,4,3,Yes,No,Walked,1,No
Harry Young,7,Male,24,71,White,Brown,Blue,Wishaw,Scotland,29,32,3,No,Yes,Dumped,0,No
Jack Barlow,7,Male,26,70,White,Blonde,Blue,Pett,England,29,32,3,No,Yes,Dumped,0,No
Kaila Troy,7,Female,28,67,White,Blonde,Green,Malahide,Ireland,29,32,3,No,Yes,Dumped,0,No
Lillie Haynes,7,Female,22,64,White,Blonde,Brown,South Shields,England,29,32,3,No,Yes,Dumped,0,No
Medhy Malanda,7,Male,24,74,Black,Black,Brown,Luton,England,29,32,3,No,Yes,Dumped,0,No
Salma Naran,7,Female,20,64,Black,Black,Brown,Dublin,Ireland,29,32,3,No,Yes,Dumped,0,No
Remi Lambert,8,Male,22,75,Black,Black,Brown,Manchester,England,9,12,3,No,No,Dumped,0,No
Cynthia Otseh-Taiwo,9,Female,25,65,Black,Black,Brown,North London,England,29,32,3,No,Yes,Dumped,0,No
Layla Al-Momani,9,Female,28,63,MENAT,Brown,Brown,Kingston,England,29,32,3,No,Yes,Dumped,0,No
Lydia Karakyriakou,9,Female,22,67,White,Brown,Brown,Glasgow,Scotland,29,32,3,No,Yes,Dumped,0,No
Lynda Flix,9,Female,22,70,Black,Brown,Brown,Salford,England,29,32,3,No,No,Dumped,0,No
Sammy James,9,Female,27,66,White,Blonde,Brown,Leicester,England,29,32,3,No,Yes,Dumped,0,No
Lauren Whiteside,2,Female,25,65,White,Blonde,Blue,Blackpool,England,37,41,4,No,Null,Dumped,1,No
Charlie Williams,4,Female,24,67,White,Blonde,Blue,Bath,England,26,30,4,No,Yes,Dumped,0,No
Dean Overson,4,Male,25,73,White,Brown,Brown,Burnley,England,26,30,4,No,Yes,Dumped,0,No
Idris Virgo,4,Male,25,70,Black,Black,Brown,Birmingham,England,36,40,4,No,No,Dumped,0,No
Jordan Adefeyisan,4,Male,23,70,Black,Black,Brown,Stockport,England,26,30,4,No,Yes,Dumped,0,No
Kieran Nicholls,4,Male,26,72,White,Black,Blue,London,England,36,40,4,No,No,Dumped,0,No
Savanna Darnell,4,Female,22,65,White,Blonde,Brown,Sheffield,England,26,30,4,No,Yes,Dumped,0,No
Callum Macleod,5,Male,28,72,White,Brown,Blue,South Wales,Wales,1,5,4,Yes,No,Dumped,1,No
Dan Rose,5,Male,21,70,White,Brown,Brown,Nuneaton,England,26,30,4,No,Yes,Dumped,0,No
Dennon Lewis,5,Male,22,69,Black,Black,Brown,Watford,England,26,30,4,No,Yes,Dumped,0,No
Lavena Back,5,Female,23,65,Black,Brown,Brown,Croydon,England,26,30,4,No,Yes,Dumped,0,No
Maria Wild,5,Female,22,63,White,Blonde,Blue,Cheltenham,England,26,30,4,No,Yes,Dumped,0,No
Nabila Badda,5,Female,29,66,MENAT,Brown,Brown,London,England,26,30,4,No,Yes,Dumped,0,No
Stevie Bradley,5,Male,21,72,White,Brown,Blue,Douglas,Isle of Man,26,30,4,No,Yes,Dumped,0,No
Cheyanne Kerr,8,Female,23,67,White,Blonde,Blue,Barnsley,England,27,31,4,No,Yes,Dumped,0,No
Jazmine Nichol,8,Female,21,64,White,Brown,Blue,Newcastle,England,27,31,4,No,Yes,Dumped,0,No
Lacey Edwards,8,Female,25,68,White,Black,Blue,Swindon,England,45,49,4,No,No,Dumped,1,No
Liam Llewellyn,8,Male,22,71,White,Brown,Blue,Newport,Wales,1,5,4,Yes,No,Walked,1,No
Mollie Salmon,8,Female,23,66,White,Blonde,Blue,Southampton,England,27,31,4,No,Yes,Dumped,0,No
Nathalia Campos,8,Female,23,71,White,Brown,Brown,London,England,45,49,4,No,No,Dumped,1,No
Reece Ford,8,Male,23,73,Black,Black,Brown,Coventry,England,45,49,4,No,No,Dumped,1,No
Bayley Mummery,9,Female,25,71,White,Brown,Brown,Surrey,England,28,32,4,No,Yes,Dumped,0,No
Frankie Davey,9,Male,22,72,White,Brown,Brown,Ipswich,England,28,32,4,No,Yes,Dumped,0,No
Kain Reed,9,Male,21,69,White,Brown,Blue,Gateshead,England,28,32,4,No,Yes,Dumped,0,No
Ryan Weekley,9,Male,22,76,White,Brown,Blue,Nottingham,England,28,32,4,No,Yes,Dumped,0,No
Javi Shephard,2,Male,27,71,White,Brown,Brown,York,England,1,6,5,Yes,Null,Dumped,0,No
Chyna Ellis,3,Female,22,64,White,Blonde,Brown,Essex,England,26,31,5,No,Yes,Dumped,1,No
Craig Lawson,3,Male,27,73,White,Brown,Brown,London,England,26,31,5,No,Yes,Dumped,1,No
Danielle Sellers,3,Female,22,67,White,Blonde,Brown,Hastings,England,26,31,5,No,Yes,Dumped,1,No
Harley Judge,3,Male,22,70,White,Blonde,Blue,Norwich,England,1,6,5,Yes,No,Dumped,1,No
Mike Thalassitis,3,Male,24,74,White,Brown,Green,North London,England,12,17,5,No,No,Dumped,2,No
Nathan Joseph,3,Male,25,76,Black,Black,Brown,Essex,England,26,31,5,No,Yes,Dumped,1,No
Charlie Frederick,4,Male,23,73,White,Blonde,Blue,Plymouth,England,8,13,5,No,No,Dumped,1,No
Kendall Rae-Knight,4,Female,26,66,White,Brown,Blue,Blackpool,England,1,6,5,Yes,No,Dumped,2,No
Eve Gale,6,Female,20,65,White,Blonde,Blue,Cambridge,England,1,6,5,Yes,No,Dumped,0,No
Danny Bibby,7,Male,25,71,White,Brown,Blue,Manchester,England,18,23,5,No,No,Dumped,1,No
Afia Tonkmor,8,Female,25,65,Black,Brown,Brown,London,England,3,8,5,No,No,Dumped,0,No
George Tasker,8,Male,23,71,White,Black,Brown,Cotswolds,England,26,31,5,No,Yes,Dumped,0,No
Jack Keating,8,Male,23,71,White,Red,Blue,Dublin,Ireland,26,31,5,No,Yes,Dumped,0,No
Samuel Agbiji,8,Male,22,74,Black,Black,Brown,Manchester,England,26,31,5,No,Yes,Dumped,0,No
Keanan Brand,9,Male,24,72,White,Brown,Green,Wigan,England,40,45,5,No,No,Dumped,1,No
Simon Searles,3,Male,28,74,Black,Black,Brown,Leeds,England,19,25,6,No,No,Dumped,2,No
Alex Miller,4,Male,28,70,White,Brown,Brown,Essex,England,26,32,6,No,Yes,Dumped,1,No
Darylle Sargeant,4,Female,24,65,White,Brown,Brown,Watford,England,26,32,6,No,Yes,Dumped,1,No
Ellie Jones,4,Female,22,67,White,Brown,Brown,Kent,England,26,32,6,No,Yes,Dumped,1,No
Elma Pazar,5,Female,26,63,White,Brown,Brown,Essex,England,10,16,6,No,No,Dumped,1,No
Wallace Wilson,6,Male,24,71,White,Brown,Blue,Inverness,Scotland,16,22,6,No,No,Dumped,1,No
AJ Bunker,7,Female,28,64,White,Blonde,Brown,Hemel Hempstead,England,17,23,6,No,No,Dumped,1,No
Brett Staniland,7,Male,27,72,White,Brown,Blue,Derbyshire,England,44,50,6,No,No,Dumped,1,No
Jamie Allen,8,Male,27,69,Black,Black,Brown,Preston,England,45,51,6,No,No,Dumped,1,No
Bethany Rogers,1,Female,19,65,White,Blonde,Blue,Leeds,England,14,21,7,No,Null,Dumped,0,No
Travis Almond,1,Male,22,77,White,Brown,Brown,Essex,England,21,28,7,No,Null,Dumped,0,No
Adam Jukes,2,Male,23,72,White,Brown,Brown,Manchester,England,34,41,7,No,Null,Dumped,1,No
Troy Frith,2,Male,23,69,Black,Brown,Brown,Kent,England,30,37,7,No,Null,Dumped,1,No
Tyne-Lexy Clarson,3,Female,20,65,White,Blonde,Blue,Birmingham,England,7,14,7,No,No,Dumped,0,No
Josh Mair,4,Male,21,71,Black,Black,Brown,Birmingham,England,43,50,7,No,No,Dumped,1,No
Stephanie Lam,4,Female,23,69,White,Brown,Brown,Hertfordshire,England,43,50,7,No,No,Dumped,1,No
Arabella Chi,5,Female,28,70,White,Blonde,Blue,London,England,18,25,7,No,No,Dumped,1,No
Eva Zapico,6,Female,21,65,White,Brown,Brown,Bromley,England,23,30,7,No,Yes,Dumped,1,No
Jamie Clayton,6,Male,28,70,White,Brown,Blue,Edinburgh,Scotland,31,38,7,No,No,Dumped,1,No
Jordan Waobikeze,6,Male,24,74,Black,Black,Brown,London,England,23,30,7,No,Yes,Dumped,1,No
Rachel Fenton,2,Female,23,65,White,Blonde,Brown,Hampshire,England,7,15,8,No,Null,Dumped,1,No
Niall Aslam,4,Male,23,71,Asian,Black,Brown,Coventry,England,1,9,8,Yes,No,Walked,2,No
Sherif Lanre,5,Male,20,73,Black,Black,Brown,London,England,1,9,8,Yes,No,Removed,1,No
Connagh Howard,6,Male,27,74,Black,Black,Brown,Cardiff,Wales,5,13,8,No,No,Dumped,1,No
Priya Gopaldas,7,Female,23,66,Asian,Brown,Brown,London,England,42,50,8,No,No,Dumped,1,No
Antigoni Buxton,8,Female,26,64,White,Blonde,Blue,London,England,17,25,8,No,No,Dumped,2,No
Charlie Radnedge,8,Male,28,72,White,Blonde,Blue,London,England,17,25,8,No,No,Dumped,2,No
Chyna Mills,8,Female,23,66,Black,Black,Brown,Leeds,England,27,35,8,No,Yes,Dumped,1,No
Anna-May Robey,9,Female,20,68,White,Brown,Brown,Swansea,Wales,1,9,8,Yes,No,Dumped,2,No
Haris Namani,9,Male,21,71,White,Brown,Brown,Doncaster,England,1,9,8,Yes,No,Dumped,2,No
Theo Campbell,3,Male,25,77,Black,Black,Brown,Bath,England,32,41,9,No,No,Dumped,1,No
Harley Brash,5,Female,20,65,White,Blonde,Blue,Newcastle,England,43,52,9,No,No,Dumped,1,No
Amy Day,7,Female,25,66,White,Brown,Green,Surrey,England,29,38,9,No,Yes,Dumped,1,No
Clarisse Juliette,7,Female,23,65,Black,Black,Brown,London,England,29,38,9,No,Yes,Dumped,1,No
Rachel Finni,7,Female,29,64,Black,Black,Brown,Cockfosters,England,5,14,9,No,No,Dumped,0,No
Sam Jackson,7,Male,23,73,White,Brown,Green,Clitheroe,England,29,38,9,No,Yes,Dumped,2,No
Jordan Odofin,9,Male,28,77,Black,Black,Brown,London,England,17,26,9,No,No,Dumped,1,No
Spencer Wilks,9,Male,24,72,White,Black,Green,Bournemouth,England,10,19,9,No,No,Dumped,1,No
Rachel Christie,1,Female,26,70,Black,Brown,Brown,London,England,1,11,10,Yes,Null,Dumped,1,No
Frankie Foster,4,Male,22,70,White,Brown,Green,Cheltenham,England,26,36,10,No,Yes,Dumped,1,No
Grace Wardle,4,Female,25,63,White,Blonde,Green,London,England,26,36,10,No,Yes,Dumped,1,No
Laura Crane,4,Female,23,67,White,Blonde,Blue,Devon,England,43,53,10,No,No,Dumped,1,No
Zara McDermott,4,Female,21,65,White,Brown,Brown,Essex,England,15,25,10,No,No,Dumped,1,No
George Rains,5,Male,22,70,White,Blonde,Blue,Essex,England,26,36,10,No,Yes,Dumped,1,No
Jourdan Riane,5,Female,24,64,Black,Black,Brown,London,England,26,36,10,No,Yes,Dumped,1,No
Aaron Simpson,7,Male,24,68,Black,Black,Brown,Kent,England,42,52,10,No,No,Dumped,1,No
Katie Salmon,2,Female,20,65,White,Brown,Blue,The Wirral,England,34,45,11,No,Null,4,2,Yes
Tom Walker,5,Male,29,72,White,Brown,Brown,Leeds,England,14,25,11,No,No,Dumped,1,No
Rosie Seabrook,9,Female,24,65,White,Brown,Green,Buckinghamshire,England,40,51,11,No,No,Dumped,1,No
Daisy Muller,1,Female,24,65,White,Blonde,Blue,Birmingham,England,7,19,12,No,Null,Dumped,1,No
Georgia Harrison,3,Female,22,66,White,Brown,Brown,Essex,England,34,46,12,No,No,Dumped,2,No
Hayley Hughes,4,Female,21,66,White,Blonde,Green,Liverpool,England,1,13,12,Yes,No,Dumped,2,No
Francesca Allen,5,Female,23,67,White,Brown,Blue,Essex,England,37,49,12,No,No,Dumped,2,No
Coco Lodge,8,Female,27,61,White,Black,Brown,Surrey,England,27,39,12,No,Yes,Dumped,2,No
Aaron Waters,9,Male,25,70,White,Brown,Brown,Melbourne,Australia,7,19,12,No,No,Dumped,1,No
Martin Akinola,9,Male,27,73,Black,Black,Brown,Dublin,Ireland,28,40,12,No,Yes,Dumped,1,No
Danielle Pyne,1,Female,23,69,White,Brown,Brown,London,England,1,14,13,Yes,Null,Dumped,3,No
Liana Isadora Van Riel,2,Female,20,65,White,Blonde,Blue,Exeter,England,20,33,13,No,Null,Dumped,1,No
Marvin Brooks,5,Male,29,72,White,Brown,Brown,Bournemouth,England,26,39,13,No,Yes,Dumped,1,No
Dale Mehmet,7,Male,24,70,White,Brown,Brown,Glasgow,Scotland,29,42,13,No,Yes,Dumped,2,No
Josh Le Grove,8,Male,22,74,Black,Black,Brown,Essex,England,26,39,13,No,Yes,Dumped,2,No
Zara Lackenby-Brown,9,Female,25,69,Black,Blonde,Brown,London,England,3,16,13,No,No,Dumped,1,No
Daniel Lukakis,2,Male,23,75,White,Brown,Brown,London,England,1,15,14,Yes,Null,Dumped,2,No
Emma Jane Woodham,2,Female,19,65,White,Brown,Brown,Oxford,England,27,41,14,No,Null,Dumped,1,No
Rykard Jenkins,2,Male,25,72,Black,Brown,Brown,Kent,England,1,15,14,Yes,Null,Walked,3,No
Connor Durman,6,Male,25,72,White,Brown,Brown,Brighton,England,1,15,14,Yes,No,Dumped,2,No
Amber Beckford,8,Female,24,65,Black,Brown,Brown,London,England,1,15,14,Yes,No,Dumped,1,No
Ikenna Ekwonna,8,Male,23,77,Black,Black,Brown,Nottingham,England,1,15,14,Yes,No,Dumped,1,No
Chris Taylor,5,Male,28,73,White,Brown,Blue,Essex,England,37,52,15,No,No,Dumped,2,No
Greg O'Shea,5,Male,24,71,White,Brown,Brown,Limerick,Ireland,43,58,15,No,No,1,1,Yes
India Reynolds,5,Female,28,66,White,Brown,Brown,Reading,England,43,58,15,No,No,3,1,Yes
Joe Garratt,5,Male,22,70,White,Brown,Blue,South East London,England,1,16,15,Yes,No,Dumped,1,No
Molly Smith,6,Female,25,67,White,Blonde,Green,Manchester,England,23,38,15,No,Yes,Dumped,1,No
Natalia Zoppa,6,Female,20,64,White,Brown,Brown,Manchester,England,23,38,15,No,Yes,Dumped,2,No
Brad McClelland,7,Male,26,74,White,Brown,Blue,Northumberland,England,1,16,15,Yes,No,Dumped,2,No
Jessica Shears,3,Female,23,69,White,Brown,Brown,Devon,England,1,17,16,Yes,No,Dumped,1,No
Paul Knops,4,Male,31,73,White,Brown,Brown,Bournemouth,England,43,59,16,No,No,2,1,Yes
Rosie Williams,4,Female,26,66,White,Black,Green,South Wales,Wales,4,20,16,No,No,Dumped,1,No
Joanna Chimonides,5,Female,22,65,White,Blonde,Brown,London,England,26,42,16,No,Yes,Dumped,1,No
Matthew MacNabb,7,Male,26,78,White,Brown,Brown,Downpatrick,Northern Ireland,29,45,16,No,Yes,Dumped,1,No
Ellie Spence,9,Female,25,68,White,Blonde,Blue,Norwich,England,10,26,16,No,No,Dumped,3,No
Charlie Brake,4,Male,23,71,White,Blonde,Blue,Chelsea,England,26,43,17,No,Yes,Dumped,1,No
Leanne Amaning,6,Female,22,62,Black,Black,Brown,London,England,1,18,17,Yes,No,Dumped,1,No
Summer Botwe,8,Female,22,67,Black,Black,Brown,Hertfordshire,England,27,44,17,No,Yes,Dumped,2,No
Maxwell Samuda,9,Male,23,73,Black,Black,Green,London,England,28,45,17,No,Yes,Dumped,1,No
Chris Williamson,1,Male,27,71,White,Brown,Green,Newcastle,England,1,19,18,Yes,Null,Dumped,3,No
Priscilla Anyabu,6,Female,25,67,Black,Black,Brown,Battersea,England,23,41,18,No,Yes,Dumped,1,No
Sharon Gaffka,7,Female,25,66,Asian,Brown,Brown,Didcot,England,1,19,18,Yes,No,Dumped,2,No
Billy Brown,8,Male,23,73,White,Brown,Brown,Surrey,England,26,44,18,No,Yes,Dumped,2,No
Alexandra Cane,4,Female,27,66,White,Black,Blue,Hertfordshire,England,38,57,19,No,No,Dumped,1,No
Abigail Rawlings,7,Female,27,66,White,Brown,Blue,Bournemouth,England,23,42,19,No,No,Dumped,2,No
Lucinda Strafford,7,Female,21,66,White,Blonde,Blue,Brighton,England,9,28,19,No,No,Dumped,3,No
Cally Jane Beech,1,Female,23,64,White,Black,Blue,Kingston upon Hull,England,21,41,20,No,Null,4,1,Yes
Omar Sultani,1,Male,22,67,Asian,Brown,Brown,Warwickshire,England,1,21,20,Yes,Null,Dumped,2,No
Tina Stinnes,2,Female,21,65,White,Blonde,Green,London,England,20,40,20,No,Null,Dumped,2,No
Jamie Jewitt,3,Male,27,73,White,Brown,Brown,Essex,England,32,52,20,No,No,2,1,Yes
Ched Uzor,6,Male,23,76,Black,Black,Brown,Suffolk,England,23,43,20,No,Yes,4,1,Yes
Adam Collard,8,Male,26,77,White,Brown,Blue,Newcastle,England,36,56,20,No,No,Dumped,1,No
Naomi Ball,1,Female,23,62,White,Blonde,Blue,East London,England,7,28,21,No,Null,Dumped,1,No
Zara Holland,2,Female,20,63,White,Blonde,Green,Hull,England,1,22,21,Yes,Null,Walked,3,No
Yewande Biala,5,Female,23,67,Black,Black,Brown,Dublin,Ireland,1,22,21,Yes,No,Dumped,2,No
Rebecca Gormley,6,Female,21,67,White,Black,Brown,Newcastle,England,9,30,21,No,No,Dumped,3,No
Sophie Piper,6,Female,21,67,Black,Black,Brown,Essex,England,1,22,21,Yes,No,Dumped,3,No
Chloe Crowhurst,3,Female,22,64,White,Blonde,Blue,Essex,England,1,23,22,Yes,No,Dumped,3,No
Sam Gowland,3,Male,21,70,White,Brown,Blue,Middlesbrough,England,1,23,22,Yes,No,Dumped,5,No
Claudia Fogarty,9,Female,28,64,White,Blonde,Blue,Blackburn,England,23,45,22,No,No,Dumped,2,No
Mary Bedford,7,Female,22,68,White,Blonde,Blue,Wakefield,England,29,52,23,No,Yes,Dumped,3,No
Deji Adeniyi,8,Male,22,72,Black,Black,Brown,Bedford,England,26,49,23,No,Yes,Dumped,3,No
Tanyel Revan,9,Female,26,63,MENAT,Brown,Brown,North London,England,1,24,23,Yes,No,Dumped,2,No
Malin Andersson,2,Female,23,67,Asian,Brown,Brown,Milton Keynes,England,1,25,24,Yes,Null,Dumped,2,No
Alex Beattie,3,Male,22,74,White,Brown,Brown,Newcastle,England,26,50,24,No,Yes,Dumped,1,No
Eyal Booker,4,Male,22,70,White,Brown,Green,London,England,1,25,24,Yes,No,Dumped,2,No
Tyla Carr,3,Female,23,68,White,Brown,Brown,Surrey,England,19,44,25,No,No,Dumped,4,No
Jay Younger,8,Male,28,71,White,Brown,Brown,Edinburgh,Scotland,9,35,26,No,No,Dumped,4,No
Max Morley,1,Male,22,74,White,Blonde,Blue,Huddersfield,England,14,41,27,No,Null,1,1,Yes
Alex Bowen,2,Male,24,71,White,Brown,Brown,Birmingham,England,18,45,27,No,Null,2,1,Yes
Dom Lever,3,Male,26,70,White,Brown,Green,Manchester,England,1,28,27,Yes,No,Dumped,3,No
Jack Fowler,4,Male,22,75,White,Brown,Blue,London,England,26,53,27,No,Yes,Dumped,2,No
Demi Jones,6,Female,21,63,White,Brown,Blue,Portsmouth,England,16,43,27,No,No,3,2,Yes
Aaron Francis,7,Male,24,74,Black,Black,Brown,London,England,1,28,27,Yes,No,Dumped,4,No
Ellie Brown,4,Female,20,69,White,Blonde,Blue,Newcastle,England,15,43,28,No,No,Dumped,2,No
Sam Bird,4,Male,25,71,White,Brown,Brown,Norwich,England,19,47,28,No,No,Dumped,3,No
Nas Majeed,6,Male,23,67,Asian,Black,Brown,London,England,1,30,29,Yes,No,Dumped,4,No
Sanam Harrinanan,9,Female,24,66,Asian,Black,Brown,Bedford,England,29,58,29,No,Yes,1,1,Yes
Belle Hassan,5,Female,21,68,White,Blonde,Blue,Bromley,England,26,56,30,No,Yes,Dumped,1,No
Danny Williams,5,Male,21,73,Black,Black,Brown,Hull,England,6,36,30,No,No,Dumped,3,No
Jacques O'Neill,8,Male,23,69,White,Brown,Blue,Cumbria,England,7,37,30,No,No,Walked,2,No
Adam Collard,4,Male,22,77,White,Brown,Blue,Newcastle,England,1,32,31,Yes,No,Dumped,4,No
Luke Mabbott,6,Male,24,71,White,Blonde,Brown,Redcar,England,12,43,31,No,No,3,3,Yes
Luke Trotman,6,Male,22,70,Black,Black,Brown,Luton,England,12,43,31,No,No,2,2,Yes
Tom Powell,2,Male,24,72,White,Brown,Brown,Port Talbot,Wales,1,33,32,Yes,Null,Dumped,1,No
Ovie Soko,5,Male,28,79,Black,Black,Brown,London,England,26,58,32,No,Yes,3,3,Yes
Shaughna Phillips,6,Female,25,64,White,Brown,Brown,London,England,1,33,32,Yes,No,Dumped,1,No
Kazimir Crossley,4,Female,23,63,Asian,Black,Brown,London,England,26,59,33,No,Yes,3,1,Yes
Jordan Ring,1,Male,31,76,White,Brown,Blue,Gloucester,England,1,35,34,Yes,Null,Dumped,4,No
Zoe Basia Brown,1,Female,24,70,White,Blonde,Brown,South London,England,1,35,34,Yes,Null,Dumped,3,No
Adam Maxted,2,Male,24,75,White,Brown,Brown,Belfast,Northern Ireland,11,45,34,No,Null,4,5,Yes
Jonny Mitchell,3,Male,26,70,White,Brown,Brown,Essex,England,4,38,34,No,No,Dumped,3,No
Casey O'Gorman,9,Male,26,72,White,Brown,Blue,Tring,England,17,51,34,No,No,Dumped,3,No
Lucie Donlan,5,Female,21,65,White,Blonde,Brown,Newquay,England,1,36,35,Yes,No,Dumped,3,No
Tyler Cruickshank,7,Male,26,77,Black,Black,Brown,Croydon,England,23,58,35,No,No,4,2,Yes
Amy Hart,5,Female,26,66,White,Blonde,Blue,Worthing,England,1,37,36,Yes,No,Walked,2,No
Callum Jones,6,Male,23,69,White,Black,Brown,Manchester,England,1,38,37,Yes,No,Dumped,2,No
Hugo Hammond,7,Male,24,71,White,Brown,Brown,Hampshire,England,1,38,37,Yes,No,Dumped,4,No
Sophie Gradon,2,Female,30,67,White,Brown,Brown,Newcastle,England,1,39,38,Yes,Null,Walked,2,No
Terry Walsh,2,Male,28,74,White,Brown,Brown,Surrey,England,3,41,38,No,Null,Dumped,2,No
Jordan Hames,5,Male,24,72,Black,Blonde,Brown,Manchester,England,14,52,38,No,No,Dumped,1,No
Finley Tapp,6,Male,20,73,White,Brown,Brown,Milton Keynes,England,5,43,38,No,No,1,1,Yes
Samira Mighty,4,Female,22,65,Black,Black,Brown,London,England,1,40,39,Yes,No,Walked,3,No
Danica Taylor,8,Female,21,63,White,Brown,Blue,Leicester,England,12,51,39,No,No,Dumped,6,No
Hannah Elizabeth,1,Female,25,68,White,Blonde,Blue,Liverpool,England,1,41,40,Yes,Null,2,1,Yes
Jessica Hayes,1,Female,22,65,White,Red,Blue,Oxford,England,1,41,40,Yes,Null,1,4,Yes
Jon Clark,1,Male,25,70,White,Brown,Blue,Essex,England,1,41,40,Yes,Null,2,1,Yes
Josh Ritchie,1,Male,20,69,White,Brown,Blue,Bolton,England,1,41,40,Yes,Null,3,3,Yes
Lauren Richardson,1,Female,26,68,White,Blonde,Green,East London,England,1,41,40,Yes,Null,3,4,Yes
Luis Morrison,1,Male,20,75,Black,Brown,Brown,London,England,1,41,40,Yes,Null,4,4,Yes
Mike Boateng,6,Male,24,71,Black,Black,Brown,Manchester,England,1,41,40,Yes,No,Dumped,3,No
Kady McDermott,2,Female,20,64,White,Brown,Blue,Stevenage,England,3,45,42,No,Null,3,1,Yes
Jess Gale,6,Female,20,65,White,Blonde,Blue,Cambridge,England,1,43,42,Yes,No,4,3,Yes
Paige Turley,6,Female,22,61,White,Blonde,Blue,West Lothian,Scotland,1,43,42,Yes,No,1,2,Yes
Siannise Fudge,6,Female,25,65,Asian,Black,Brown,Bristol,England,1,43,42,Yes,No,2,3,Yes
Georgia Steel,4,Female,20,66,White,Brown,Green,York,England,4,47,43,No,No,Dumped,3,No
Cara De La Hoyde,2,Female,26,62,White,Brown,Green,Kent,England,1,45,44,Yes,Null,1,1,Yes
Nathan Massey,2,Male,25,67,White,Brown,Brown,Essex,England,1,45,44,Yes,Null,1,1,Yes
Olivia Buckland,2,Female,22,64,White,Blonde,Brown,Essex,England,1,45,44,Yes,Null,2,4,Yes
Olivia Hawkins,9,Female,27,64,White,Brown,Brown,Brighton,England,1,45,44,Yes,No,Dumped,5,No
Samie Elishi,9,Female,22,64,White,Brown,Brown,London,England,14,58,44,No,No,3,2,Yes
Gabby Allen,3,Female,25,61,White,Blonde,Blue,Liverpool,England,7,52,45,No,No,4,1,Yes
Teddy Soares,7,Male,26,72,Black,Black,Brown,Manchester,England,12,58,46,No,No,3,1,Yes
Chris Hughes,3,Male,24,72,White,Brown,Blue,Cheltenham,England,4,52,48,No,No,3,2,Yes
Maura Higgins,5,Female,28,66,White,Brown,Green,County Longford,Ireland,10,58,48,No,No,4,4,Yes
Michael Griffiths,5,Male,27,70,Black,Black,Brown,London,England,1,49,48,Yes,No,Dumped,4,No
Montana Brown,3,Female,21,67,Black,Brown,Green,Hertfordshire,England,1,50,49,Yes,No,Dumped,5,No
Millie Court,7,Female,24,67,White,Blonde,Blue,Essex,England,9,58,49,No,No,1,1,Yes
Jessie Wynter,9,Female,26,66,White,Blonde,Blue,Tasmania,Australia,7,56,49,No,No,Dumped,1,No
Amber Davies,3,Female,20,62,White,Brown,Green,North Wales,Wales,1,52,51,Yes,No,1,4,Yes
Camilla Thurlow,3,Female,27,63,White,Blonde,Brown,Dumfries,Scotland,1,52,51,Yes,No,2,4,Yes
Kem Cetinay,3,Male,21,67,White,Brown,Brown,Essex,England,1,52,51,Yes,No,1,4,Yes
Marcel Somerville,3,Male,31,74,Black,Black,Brown,London,England,1,52,51,Yes,No,4,3,Yes
Olivia Attwood,3,Female,26,71,White,Blonde,Blue,Guildford,England,1,52,51,Yes,No,3,4,Yes
Josh Denzel,4,Male,26,70,Black,Black,Brown,London,England,8,59,51,No,No,3,2,Yes
Megan Barton Hanson,4,Female,24,65,White,Blonde,Green,Essex,England,8,59,51,No,No,4,3,Yes
Anna Vakili,5,Female,28,69,MENAT,Black,Brown,London,England,1,52,51,Yes,No,Dumped,3,No
Jake Cornish,7,Male,24,71,White,Brown,Blue,Weston-super-Mare,England,1,54,53,Yes,No,Walked,1,No
Liberty Poole,7,Female,21,63,White,Blonde,Blue,Birmingham,England,1,54,53,Yes,No,Walked,1,No
Molly-Mae Hague,5,Female,20,64,White,Blonde,Brown,Manchester,England,4,58,54,No,No,2,1,Yes
Liam Reardon,7,Male,21,78,White,Brown,Brown,Merthyr Tydfil,Wales,4,58,54,No,No,1,2,Yes
Anton Danyluk,5,Male,24,69,White,Brown,Brown,Airdrie,Scotland,1,56,55,Yes,No,Dumped,5,No
Ekin-Su Culculoglu,8,Female,27,68,MENAT,Brown,Brown,Essex,England,3,58,55,No,No,1,3,Yes
Paige Thorne,8,Female,24,65,White,Black,Brown,Swansea,Wales,1,56,55,Yes,No,Dumped,4,No
Will Young,9,Male,23,75,White,Blonde,Blue,Buckinghamshire,England,1,56,55,Yes,No,Dumped,3,No
Alex George,4,Male,27,73,White,Blonde,Blue,Carmarthen,Wales,1,57,56,Yes,No,Dumped,4,No
Scott Thomas,2,Male,28,75,White,Brown,Brown,Manchester,England,1,58,57,Yes,Null,3,2,Yes
Amber Gill,5,Female,21,64,Black,Brown,Brown,Newcastle,England,1,58,57,Yes,No,1,5,Yes
Curtis Pritchard,5,Male,23,73,White,Brown,Blue,Shropshire,England,1,58,57,Yes,No,4,3,Yes
Tommy Fury,5,Male,20,72,White,Brown,Blue,Manchester,England,1,58,57,Yes,No,2,1,Yes
Chloe Burrows,7,Female,25,67,White,Blonde,Blue,Bicester,England,1,58,57,Yes,No,2,3,Yes
Faye Winter,7,Female,26,67,White,Blonde,Blue,Devon,England,1,58,57,Yes,No,3,4,Yes
Kaz Kamwi,7,Female,26,63,Black,Black,Brown,Essex,England,1,58,57,Yes,No,4,4,Yes
Toby Aromolaran,7,Male,22,71,Black,Black,Brown,Essex,England,1,58,57,Yes,No,2,4,Yes
Andrew Le Page,8,Male,27,73,White,Brown,Brown,Guernsey,British Isles,1,58,57,Yes,No,4,2,Yes
Dami Hope,8,Male,26,71,Black,Black,Brown,Dublin,Ireland,1,58,57,Yes,No,3,3,Yes
Davide Sanclimenti,8,Male,27,74,White,Brown,Brown,Manchester,England,1,58,57,Yes,No,1,3,Yes
Gemma Owen,8,Female,19,66,White,Black,Brown,Chester,England,1,58,57,Yes,No,2,3,Yes
Indiyah Polack,8,Female,23,63,Black,Black,Brown,London,England,1,58,57,Yes,No,3,3,Yes
Luca Bish,8,Male,23,71,White,Brown,Blue,Brighton,England,1,58,57,Yes,No,2,3,Yes
Tasha Ghouri,8,Female,23,67,White,Blonde,Blue,Thrisk,England,1,58,57,Yes,No,4,2,Yes
Kai Fagan,9,Male,24,76,Black,Black,Brown,Manchester,England,1,58,57,Yes,No,1,5,Yes
Lana Jenkins,9,Female,25,65,White,Blonde,Brown,Luton,England,1,58,57,Yes,No,2,4,Yes
Ron Hall,9,Male,25,73,White,Brown,Green,Essex,England,1,58,57,Yes,No,2,3,Yes
Shaq Muhammad,9,Male,24,72,Black,Black,Brown,London,England,1,58,57,Yes,No,4,1,Yes
Tanya Manhenga,9,Female,22,64,Black,Black,Brown,Liverpool,England,1,58,57,Yes,No,4,2,Yes
Tom Clare,9,Male,23,77,White,Brown,Blue,Barnsley,England,1,58,57,Yes,No,3,3,Yes
Dani Dyer,4,Female,21,61,White,Brown,Green,East London,England,1,59,58,Yes,No,1,1,Yes
Jack Fincham,4,Male,26,70,White,Brown,Blue,Kent,England,1,59,58,Yes,No,1,1,Yes
Laura Anderson,4,Female,29,66,White,Blonde,Blue,Stirling,Scotland,1,59,58,Yes,No,2,3,Yes
Wes Nelson,4,Male,20,70,Black,Black,Brown,Staffordshire,England,1,59,58,Yes,No,4,2,Yes
